,cluster,y
0,3,3
1,1,1
2,0,0
3,3,3
4,5,5
5,6,6
6,0,0
7,3,3
8,2,2
9,6,6
10,0,0
11,4,4
12,5,5
13,2,3
14,5,5
15,4,3
16,6,6
17,5,5
18,2,2
19,6,6
20,0,0
21,6,6
22,2,2
23,2,3
24,4,3
25,0,0
26,6,6
27,6,6
28,5,5
29,4,3
30,1,1
31,0,0
32,2,3
33,5,5
34,4,4
35,4,4
36,3,3
37,2,2
38,6,6
39,3,3
40,5,5
41,4,3
42,6,6
43,3,3
44,2,2
45,2,3
46,3,3
47,6,6
48,6,6
49,1,1
50,6,6
51,3,3
52,4,4
53,0,0
54,1,1
55,3,3
56,0,0
57,5,5
58,0,0
59,4,4
60,4,4
61,3,3
62,6,6
63,1,1
64,0,0
65,4,3
66,5,5
67,2,2
68,3,3
69,2,2
70,0,0
71,1,1
72,6,6
73,5,5
74,3,3
75,0,0
76,2,2
77,3,3
78,0,0
79,0,0
80,2,2
81,4,4
82,3,3
83,5,5
84,4,4
85,3,3
86,2,2
87,4,4
88,6,6
89,3,3
90,0,0
91,6,6
92,4,3
93,5,5
94,3,3
95,6,6
96,5,5
97,4,3
98,4,4
99,0,0
100,0,0
101,1,1
102,4,5
103,3,3
104,6,6
105,2,3
106,1,1
107,6,6
108,6,6
109,4,3
110,3,3
111,1,1
112,1,1
113,4,4
114,0,0
115,4,4
116,5,5
117,2,3
118,2,2
119,2,3
120,4,5
121,1,2
122,1,1
123,2,2
124,0,0
125,6,6
126,1,1
127,2,2
128,6,6
129,4,4
130,6,6
131,6,6
132,5,5
133,2,3
134,0,0
135,4,4
136,5,5
137,6,6
138,3,3
139,0,0
140,5,5
141,3,3
142,0,0
143,6,6
144,6,6
145,5,5
146,1,1
147,5,5
148,3,3
149,4,5
150,2,2
151,4,4
152,5,5
153,0,0
154,4,4
155,0,0
156,5,5
157,5,5
158,1,1
159,4,4
160,5,5
161,3,3
162,6,6
163,0,0
164,3,3
165,3,3
166,0,0
167,0,0
168,5,5
169,4,4
170,3,3
171,0,0
172,2,2
173,5,5
174,5,5
175,0,0
176,3,3
177,3,3
178,0,0
179,0,0
180,5,5
181,2,2
182,6,6
183,1,1
184,3,3
185,3,3
186,5,5
187,1,1
188,3,3
189,3,3
190,1,1
191,5,5
192,2,2
193,2,3
194,4,3
195,0,0
196,2,3
197,5,5
198,4,4
199,0,0
200,2,3
201,0,0
202,5,5
203,5,5
204,2,2
205,4,4
206,3,3
207,5,5
208,3,3
209,4,3
210,3,3
211,0,0
212,0,0
213,0,0
214,6,6
215,6,6
216,0,0
217,1,1
218,6,6
219,4,4
220,0,0
221,6,6
222,5,5
223,6,6
224,5,5
225,3,3
226,0,0
227,3,3
228,3,3
229,0,0
230,2,2
231,3,3
232,5,5
233,5,5
234,1,1
235,6,6
236,4,3
237,5,5
238,5,5
239,5,5
240,4,3
241,5,6
242,6,6
243,5,5
244,1,1
245,0,0
246,4,3
247,5,5
248,5,5
249,5,5
250,3,3
251,0,0
252,1,1
253,5,5
254,3,3
255,0,0
256,5,5
257,3,3
258,6,6
259,3,3
260,6,6
261,2,3
262,2,2
263,0,0
264,2,2
265,0,0
266,2,3
267,3,3
268,3,3
269,3,3
270,4,5
271,0,0
272,6,6
273,0,0
274,5,5
275,4,4
276,6,6
277,3,3
278,6,6
279,6,6
280,5,5
281,3,3
282,2,3
283,3,3
284,1,1
285,6,6
286,2,3
287,2,2
288,3,3
289,0,0
290,4,4
291,5,5
292,3,3
293,6,6
294,3,3
295,5,5
296,1,1
297,2,3
298,1,1
299,2,2
300,4,4
301,6,6
302,5,5
303,6,6
304,5,5
305,4,3
306,6,6
307,3,3
308,0,0
309,6,6
310,4,3
311,0,6
312,6,6
313,1,1
314,0,0
315,5,5
316,3,3
317,3,3
318,2,3
319,0,0
320,6,6
321,6,6
322,5,5
323,5,5
324,3,3
325,4,3
326,0,0
327,1,1
328,0,0
329,0,0
330,2,3
331,0,0
332,5,5
333,2,3
334,6,6
335,3,3
336,2,3
337,0,0
338,6,6
339,1,1
340,5,5
341,0,0
342,1,1
343,3,3
344,0,6
345,0,0
346,3,3
347,4,5
348,5,5
349,3,3
350,6,6
351,3,3
352,0,0
353,2,3
354,3,3
355,6,6
356,4,4
357,2,3
358,6,6
359,6,6
360,6,6
361,6,6
362,3,3
363,5,5
364,2,3
365,2,3
366,5,5
367,2,3
368,5,5
369,6,6
370,6,6
371,5,5
372,1,1
373,0,0
374,6,6
375,1,1
376,3,3
377,6,6
378,4,3
379,1,1
380,4,4
381,2,3
382,6,6
383,6,6
384,2,3
385,2,2
386,0,0
387,3,3
388,3,3
389,2,2
390,0,0
391,5,5
392,6,6
393,3,3
394,2,2
395,3,3
396,2,2
397,0,0
398,3,3
399,0,0
400,1,1
401,4,4
402,5,5
403,2,2
404,0,0
405,0,0
406,6,6
407,3,3
408,6,6
409,6,6
410,0,0
411,5,5
412,5,5
413,3,3
414,6,6
415,4,3
416,5,5
417,3,3
418,0,0
419,4,4
420,0,0
421,5,5
422,5,5
423,2,2
424,6,6
425,6,6
426,2,2
427,1,1
428,3,3
429,5,5
430,2,3
431,5,5
432,1,1
433,6,6
434,4,5
435,5,5
436,4,4
437,5,5
438,6,6
439,2,1
440,5,5
441,5,5
442,3,3
443,3,3
444,6,6
445,5,5
446,0,0
447,2,2
448,0,0
449,5,5
450,5,5
451,0,0
452,0,6
453,5,5
454,0,0
455,5,5
456,1,1
457,4,3
458,2,3
459,2,2
460,0,6
461,3,3
462,6,6
463,5,5
464,2,3
465,5,5
466,4,3
467,0,0
468,2,2
469,2,2
470,5,5
471,0,0
472,0,0
473,4,5
474,0,0
475,5,5
476,4,4
477,2,2
478,4,4
479,4,3
480,3,3
481,1,1
482,3,3
483,2,2
484,6,5
485,6,6
486,2,3
487,5,5
488,5,5
489,3,3
490,6,6
491,5,5
492,3,3
493,3,3
494,0,0
495,1,1
496,6,6
497,0,0
498,5,5
499,4,4
500,0,0
501,0,0
502,6,6
503,5,5
504,5,5
505,5,5
506,6,6
507,6,6
508,4,3
509,0,0
510,5,5
511,6,6
512,4,3
513,5,5
514,6,6
515,0,0
516,0,6
517,3,3
518,0,0
519,3,3
520,0,0
521,6,6
522,3,3
523,0,0
524,4,4
525,5,5
526,0,0
527,2,3
528,6,6
529,4,4
530,3,3
531,6,6
532,6,6
533,2,3
534,6,6
535,2,2
536,1,1
537,1,1
538,6,6
539,2,3
540,0,0
541,4,3
542,3,3
543,4,4
544,2,3
545,5,5
546,6,6
547,4,4
548,3,3
549,6,6
550,4,5
551,0,0
552,1,1
553,2,2
554,6,6
555,1,1
556,6,6
557,5,5
558,3,3
559,0,0
560,3,3
561,3,3
562,6,6
563,4,4
564,6,6
565,1,1
566,2,2
567,5,5
568,0,0
569,3,3
570,5,5
571,4,3
572,6,6
573,4,3
574,0,0
575,2,2
576,4,4
577,0,0
578,3,3
579,3,3
580,1,1
581,2,3
582,6,6
583,2,2
584,3,3
585,6,6
586,3,3
587,6,6
588,0,0
589,4,3
590,0,0
591,4,5
592,4,3
593,5,5
594,6,6
595,2,3
596,3,3
597,0,0
598,5,5
599,3,3
600,6,6
601,1,1
602,3,3
603,6,6
604,5,5
605,2,2
606,0,0
607,5,5
608,6,6
609,2,3
610,4,4
611,0,0
612,3,3
613,1,1
614,4,5
615,5,5
616,3,3
617,4,4
618,6,6
619,2,3
620,1,1
621,3,3
622,3,3
623,4,4
624,6,6
625,1,1
626,0,0
627,6,6
628,0,0
629,6,6
630,4,5
631,3,3
632,1,1
633,2,3
634,1,1
635,4,3
636,3,3
637,5,5
638,5,5
639,6,6
640,2,3
641,4,4
642,4,3
643,0,0
644,2,3
645,0,0
646,2,3
647,5,5
648,5,5
649,3,3
650,0,0
651,0,0
652,5,5
653,3,3
654,3,3
655,4,3
656,0,0
657,5,5
658,3,3
659,0,0
660,4,3
661,5,5
662,4,4
663,4,3
664,5,5
665,6,6
666,3,3
667,1,1
668,3,3
669,6,6
670,4,4
671,0,0
672,3,3
673,3,3
674,2,3
675,5,5
676,6,6
677,1,1
678,1,1
679,6,6
680,2,2
681,3,3
682,5,5
683,3,3
684,0,0
685,1,1
686,6,6
687,3,3
688,6,6
689,3,3
690,5,5
691,5,5
692,5,5
693,6,6
694,3,3
695,3,3
696,0,0
697,2,2
698,6,6
699,3,3
700,5,5
701,6,6
702,5,5
703,5,5
704,2,2
705,2,3
706,1,1
707,6,6
708,1,1
709,5,5
710,0,0
711,5,5
712,4,4
713,5,5
714,4,4
715,6,6
716,3,3
717,5,5
718,1,1
719,4,5
720,4,3
721,4,4
722,6,6
723,5,5
724,4,4
725,2,2
726,3,3
727,2,2
728,1,1
729,1,1
730,6,6
731,3,3
732,5,5
733,6,6
734,3,3
735,6,6
736,3,3
737,6,6
738,5,5
739,3,3
740,2,3
741,0,0
742,3,3
743,0,0
744,3,3
745,3,3
746,4,3
747,4,4
748,6,6
749,4,3
750,0,0
751,5,5
752,3,3
753,3,3
754,6,6
755,3,3
756,0,0
757,6,6
758,0,0
759,4,5
760,0,0
761,5,5
762,0,0
763,4,4
764,6,6
765,3,3
766,5,5
767,2,3
768,6,6
769,2,3
770,4,5
771,6,6
772,5,5
773,3,3
774,6,6
775,6,6
776,0,0
777,0,0
778,5,5
779,0,0
780,1,1
781,6,6
782,5,5
783,1,1
784,5,5
785,3,3
786,2,2
787,5,5
788,3,3
789,0,0
790,3,3
791,3,3
792,6,6
793,6,6
794,2,3
795,4,4
796,2,2
797,0,0
798,1,1
799,3,3
800,6,6
801,6,6
802,5,5
803,4,3
804,0,0
805,3,3
806,5,5
807,3,3
808,5,5
809,4,4
810,0,0
811,0,0
812,5,5
813,4,4
814,4,4
815,0,0
816,0,0
817,5,5
818,5,5
819,1,1
820,2,3
821,5,5
822,6,6
823,4,5
824,2,2
825,6,6
826,3,3
827,3,3
828,5,5
829,2,2
830,0,0
831,6,6
832,4,5
833,6,6
834,0,0
835,3,3
836,3,3
837,0,0
838,5,5
839,0,0
840,0,0
841,5,5
842,1,1
843,2,3
844,2,2
845,6,6
846,5,5
847,6,6
848,5,5
849,6,6
850,2,2
851,2,3
852,4,5
853,0,6
854,6,6
855,5,5
856,5,5
857,3,3
858,3,3
859,3,3
860,2,2
861,6,6
862,4,3
863,3,3
864,3,3
865,4,4
866,6,6
867,4,5
868,2,2
869,2,3
870,0,0
871,5,5
872,0,0
873,1,1
874,3,3
875,6,6
876,3,3
877,2,3
878,4,4
879,6,6
880,4,3
881,4,3
882,2,2
883,4,4
884,1,1
885,5,5
886,3,3
887,2,3
888,3,3
889,3,3
890,6,6
891,3,3
892,1,1
893,0,6
894,4,3
895,0,0
896,4,4
897,3,3
898,6,6
899,3,3
900,3,3
901,3,3
902,4,3
903,1,1
904,3,3
905,5,5
906,2,3
907,4,3
908,0,0
909,1,1
910,0,0
911,5,5
912,5,5
913,0,0
914,5,5
915,3,3
916,3,3
917,3,3
918,2,3
919,0,0
920,6,6
921,1,1
922,0,6
923,3,3
924,2,2
925,2,2
926,1,1
927,3,3
928,4,5
929,3,3
930,2,2
931,4,3
932,3,3
933,1,1
934,4,3
935,6,6
936,2,2
937,6,6
938,5,5
939,5,5
940,4,5
941,5,6
942,6,6
943,2,3
944,2,2
945,4,4
946,5,5
947,5,5
948,1,1
949,0,0
950,1,1
951,3,3
952,2,2
953,5,5
954,3,3
955,5,5
956,2,2
957,2,2
958,6,6
959,6,6
960,1,1
961,1,1
962,0,0
963,6,6
964,3,3
965,2,2
966,4,3
967,5,5
968,3,3
969,1,1
970,0,0
971,6,6
972,5,5
973,3,3
974,6,6
975,2,2
976,2,2
977,1,1
978,6,6
979,0,0
980,5,5
981,6,6
982,1,1
983,4,3
984,3,3
985,0,0
986,3,3
987,3,3
988,3,3
989,4,4
990,0,0
991,5,5
992,0,6
993,1,1
994,3,3
995,6,5
996,3,3
997,3,3
998,3,3
999,0,0
1000,3,3
1001,0,0
1002,0,6
1003,2,3
1004,5,5
1005,4,5
1006,5,5
1007,3,3
1008,5,5
1009,1,1
1010,1,1
1011,1,1
1012,1,1
1013,5,5
1014,5,5
1015,4,3
1016,3,3
1017,4,3
1018,0,0
1019,2,3
1020,5,5
1021,4,4
1022,6,6
1023,3,3
1024,3,3
1025,6,6
1026,3,3
1027,0,0
1028,3,3
1029,6,6
1030,5,5
1031,3,3
1032,6,6
1033,4,3
1034,6,6
1035,3,3
1036,1,1
1037,5,5
1038,2,3
1039,0,0
1040,3,3
1041,0,0
1042,6,6
1043,5,5
1044,0,0
1045,3,3
1046,5,5
1047,0,0
1048,3,3
1049,0,0
1050,5,5
1051,3,3
1052,5,5
1053,2,2
1054,3,3
1055,5,5
1056,3,3
1057,0,0
1058,6,6
1059,4,5
1060,3,3
1061,6,6
1062,5,5
1063,3,3
1064,6,6
1065,1,1
1066,4,3
1067,6,6
1068,0,0
1069,6,6
1070,3,3
1071,3,3
1072,3,3
1073,6,6
1074,4,4
1075,1,1
1076,3,3
1077,1,1
1078,6,6
1079,5,5
1080,2,3
1081,2,3
1082,4,4
1083,0,0
1084,5,5
1085,4,4
1086,4,4
1087,5,5
1088,5,5
1089,1,1
1090,2,3
1091,6,6
1092,5,5
1093,0,0
1094,6,6
1095,1,1
1096,6,6
1097,2,3
1098,3,3
1099,0,0
1100,4,3
1101,4,4
1102,3,3
1103,6,6
1104,3,3
1105,6,6
1106,0,6
1107,3,3
1108,3,3
1109,4,3
1110,0,0
1111,1,1
1112,4,3
1113,1,1
1114,3,3
1115,6,6
1116,3,3
1117,4,3
1118,2,3
1119,2,3
1120,3,3
1121,5,5
1122,5,5
1123,3,3
1124,2,3
1125,3,3
1126,6,6
1127,3,3
1128,4,3
1129,3,3
1130,1,1
1131,3,3
1132,4,4
1133,5,5
1134,4,5
1135,6,6
1136,0,0
1137,5,6
1138,4,4
1139,2,2
1140,5,5
1141,5,5
1142,2,2
1143,0,0
1144,5,5
1145,2,3
1146,1,1
1147,1,1
1148,2,2
1149,5,5
1150,1,1
1151,5,5
1152,3,3
1153,2,3
1154,0,0
1155,5,5
1156,1,1
1157,2,2
1158,0,0
1159,5,5
1160,2,3
1161,0,6
1162,5,5
1163,6,6
1164,3,3
1165,6,6
1166,3,3
1167,6,6
1168,3,3
1169,4,4
1170,5,5
1171,6,6
1172,1,1
1173,4,4
1174,2,2
1175,0,0
1176,6,6
1177,3,3
1178,4,4
1179,6,6
1180,3,3
1181,1,1
1182,5,5
1183,3,3
1184,0,0
1185,3,3
1186,5,5
1187,6,6
1188,1,1
1189,6,6
1190,5,5
1191,4,3
1192,5,5
1193,4,4
1194,5,5
1195,1,1
1196,4,5
1197,6,6
1198,4,3
1199,3,3
1200,4,5
1201,2,2
1202,3,3
1203,1,1
1204,2,3
1205,6,6
1206,4,3
1207,1,1
1208,3,3
1209,6,6
1210,4,4
1211,4,5
1212,0,0
1213,5,5
1214,5,5
1215,6,6
1216,5,5
1217,6,6
1218,3,3
1219,2,3
1220,1,1
1221,0,0
1222,6,6
1223,3,3
1224,2,3
1225,0,0
1226,5,5
1227,6,6
1228,5,5
1229,3,3
1230,6,6
1231,3,3
1232,3,3
1233,3,3
1234,2,2
1235,6,6
1236,3,3
1237,0,0
1238,6,6
1239,0,0
1240,5,5
1241,3,3
1242,1,1
1243,0,0
1244,3,3
1245,3,3
1246,1,1
1247,5,5
1248,5,5
1249,1,1
1250,5,5
1251,5,5
1252,3,3
1253,1,1
1254,1,1
1255,2,3
1256,6,6
1257,2,3
1258,6,6
1259,6,6
1260,3,3
1261,1,2
1262,5,5
1263,2,2
1264,0,0
1265,3,3
1266,2,3
1267,2,3
1268,2,2
1269,2,3
1270,3,3
1271,5,5
1272,1,1
1273,6,6
1274,4,4
1275,6,6
1276,2,3
1277,0,0
1278,3,3
1279,2,2
1280,3,3
1281,5,5
1282,0,0
1283,5,5
1284,4,4
1285,6,6
1286,3,3
1287,3,3
1288,0,0
1289,1,1
1290,2,2
1291,4,4
1292,6,6
1293,2,3
1294,3,3
1295,6,6
1296,4,3
1297,6,6
1298,1,0
1299,5,5
1300,6,6
1301,2,2
1302,0,0
1303,6,6
1304,2,2
1305,3,3
1306,3,3
1307,0,0
1308,2,2
1309,0,0
1310,2,3
1311,3,3
1312,0,0
1313,4,4
1314,5,5
1315,1,1
1316,3,3
1317,6,6
1318,2,2
1319,5,5
1320,4,3
1321,1,1
1322,1,1
1323,0,0
1324,2,3
1325,2,3
1326,5,5
1327,5,5
1328,0,6
1329,3,3
1330,5,5
1331,0,0
1332,0,0
1333,6,6
1334,4,5
1335,3,3
1336,0,0
1337,6,6
1338,6,6
1339,3,3
1340,3,3
1341,3,3
1342,3,3
1343,1,1
1344,3,3
1345,5,5
1346,0,0
1347,3,3
1348,4,3
1349,2,3
1350,4,5
1351,3,3
1352,6,6
1353,5,5
1354,4,3
1355,0,0
1356,5,5
1357,0,0
1358,0,0
1359,5,5
1360,4,3
1361,6,6
1362,5,5
1363,5,5
1364,6,6
1365,3,3
1366,4,4
1367,5,5
1368,2,3
1369,5,5
1370,6,6
1371,6,6
1372,6,6
1373,6,6
1374,2,2
1375,6,6
1376,1,1
1377,1,1
1378,3,3
1379,0,0
1380,6,6
1381,6,6
1382,5,5
1383,3,3
1384,0,0
1385,4,3
1386,0,0
1387,3,3
1388,6,6
1389,4,3
1390,0,0
1391,4,3
1392,6,6
1393,1,1
1394,3,3
1395,0,0
1396,5,5
1397,0,0
1398,0,0
1399,6,6
1400,2,2
1401,4,4
1402,4,4
1403,6,6
1404,3,3
1405,6,6
1406,6,6
1407,4,4
1408,3,3
1409,6,6
1410,6,6
1411,5,5
1412,4,3
1413,3,3
1414,1,1
1415,2,2
1416,3,3
1417,2,3
1418,4,4
1419,2,2
1420,6,6
1421,5,5
1422,6,6
1423,0,0
1424,0,0
1425,2,2
1426,5,5
1427,4,4
1428,2,2
1429,6,6
1430,0,0
1431,4,3
1432,1,1
1433,6,6
1434,0,0
1435,6,6
1436,3,3
1437,0,0
1438,6,6
1439,5,5
1440,5,5
1441,4,4
1442,5,5
1443,4,4
1444,5,5
1445,0,0
1446,4,3
1447,2,3
1448,2,2
1449,3,3
1450,3,3
1451,6,6
1452,5,5
1453,5,5
1454,6,6
1455,1,1
1456,5,5
1457,6,6
1458,4,3
1459,4,4
1460,0,0
1461,1,1
1462,3,3
1463,5,5
1464,1,0
1465,3,3
1466,6,6
1467,6,6
1468,2,2
1469,3,3
1470,5,5
1471,2,2
1472,0,0
1473,0,0
1474,1,1
1475,6,6
1476,5,5
1477,1,1
1478,4,3
1479,5,5
1480,3,3
1481,2,2
1482,1,1
1483,5,5
1484,6,6
1485,4,3
1486,2,3
1487,3,3
1488,6,6
1489,4,4
1490,5,5
1491,1,1
1492,4,3
1493,5,5
1494,0,0
1495,6,6
1496,6,6
1497,3,3
1498,3,3
1499,5,5
1500,0,0
1501,3,3
1502,0,0
1503,6,6
1504,6,6
1505,3,3
1506,5,5
1507,2,3
1508,5,5
1509,6,6
1510,3,3
1511,3,3
1512,1,2
1513,4,4
1514,6,6
1515,6,6
1516,2,2
1517,3,3
1518,3,3
1519,3,3
1520,3,3
1521,2,3
1522,2,3
1523,3,3
1524,6,6
1525,4,4
1526,3,3
1527,5,5
1528,6,6
1529,1,1
1530,6,6
1531,5,5
1532,1,1
1533,1,1
1534,2,2
1535,5,5
1536,4,4
1537,3,3
1538,5,5
1539,6,6
1540,4,4
1541,5,5
1542,6,6
1543,0,0
1544,3,3
1545,2,3
1546,4,3
1547,3,3
1548,1,1
1549,5,5
1550,0,0
1551,2,2
1552,2,2
1553,1,1
1554,6,6
1555,5,5
1556,4,3
1557,3,3
1558,2,2
1559,6,6
1560,4,3
1561,1,1
1562,0,0
1563,2,3
1564,1,1
1565,3,3
1566,5,5
1567,1,1
1568,0,0
1569,4,3
1570,0,0
1571,5,5
1572,4,4
1573,6,6
1574,4,3
1575,6,6
1576,6,6
1577,6,6
1578,1,1
1579,6,6
1580,0,0
1581,3,3
1582,0,0
1583,5,5
1584,0,0
1585,2,2
1586,2,3
1587,4,4
1588,3,3
1589,6,6
1590,6,6
1591,2,2
1592,5,5
1593,6,6
1594,2,3
1595,0,0
1596,3,3
1597,2,3
1598,6,6
1599,5,6
1600,3,3
1601,3,3
1602,6,6
1603,0,0
1604,1,1
1605,6,6
1606,6,6
1607,1,1
1608,0,0
1609,5,5
1610,6,6
1611,4,4
1612,3,3
1613,0,0
1614,6,6
1615,1,1
1616,5,5
1617,3,3
1618,3,3
1619,0,0
1620,1,1
1621,3,3
1622,0,0
1623,4,5
1624,3,3
1625,5,5
1626,0,0
1627,6,6
1628,3,3
1629,1,1
1630,0,0
1631,4,4
1632,0,0
1633,5,5
1634,6,6
1635,1,1
1636,3,3
1637,1,1
1638,3,3
1639,6,6
1640,1,1
1641,6,6
1642,3,3
1643,4,4
1644,1,1
1645,0,0
1646,3,3
1647,5,6
1648,5,5
1649,4,3
1650,6,6
1651,5,5
1652,6,6
1653,5,6
1654,3,3
1655,0,0
1656,4,3
1657,6,6
1658,6,6
1659,3,3
1660,6,6
1661,3,3
1662,6,6
1663,6,6
1664,3,3
1665,6,6
1666,5,5
1667,0,0
1668,4,4
1669,3,3
1670,6,6
1671,5,5
1672,6,6
1673,2,3
1674,4,3
1675,3,3
1676,0,0
1677,5,5
1678,5,5
1679,2,2
1680,0,0
1681,0,6
1682,5,5
1683,2,2
1684,2,2
1685,6,6
1686,2,2
1687,2,3
1688,2,2
1689,0,0
1690,6,6
1691,3,3
1692,5,5
1693,0,0
1694,6,6
1695,2,2
1696,0,0
1697,5,5
1698,4,4
1699,0,0
1700,0,0
1701,0,0
1702,3,3
1703,2,3
1704,6,6
1705,4,3
1706,6,6
1707,6,6
1708,2,2
1709,0,0
1710,3,3
1711,6,6
1712,1,1
1713,3,3
1714,3,3
1715,0,0
1716,6,6
1717,5,5
1718,0,6
1719,3,3
1720,2,2
1721,3,3
1722,2,2
1723,2,2
1724,4,4
1725,1,1
1726,2,2
1727,5,5
1728,3,3
1729,6,6
1730,3,3
1731,5,5
1732,6,6
1733,3,3
1734,0,0
1735,3,3
1736,4,5
1737,3,3
1738,3,3
1739,0,0
1740,2,2
1741,5,5
1742,2,2
1743,5,5
1744,5,5
1745,0,6
1746,6,6
1747,0,0
1748,4,4
1749,5,5
1750,3,3
1751,1,1
1752,4,4
1753,1,1
1754,6,6
1755,5,5
1756,2,2
1757,1,1
1758,1,1
1759,6,6
1760,2,2
1761,5,5
1762,0,0
1763,2,2
1764,5,5
1765,4,3
1766,3,3
1767,3,3
1768,0,0
1769,1,1
1770,5,5
1771,6,6
1772,0,0
1773,0,0
1774,3,3
1775,5,5
1776,3,3
1777,6,6
1778,4,4
1779,6,6
1780,5,5
1781,4,3
1782,0,0
1783,3,3
1784,5,5
1785,4,3
1786,5,5
1787,0,0
1788,4,3
1789,4,4
1790,0,0
1791,5,5
1792,2,2
1793,5,5
1794,0,0
1795,4,3
1796,6,6
1797,0,0
1798,1,1
1799,3,3
1800,6,6
1801,1,1
1802,6,6
1803,0,0
1804,0,0
1805,3,3
1806,2,3
1807,1,1
1808,4,4
1809,6,6
1810,6,6
1811,6,6
1812,5,5
1813,6,6
1814,1,1
1815,1,1
1816,1,2
1817,4,3
1818,5,5
1819,3,3
1820,5,5
1821,6,6
1822,5,5
1823,5,5
1824,6,6
1825,6,6
1826,1,1
1827,3,3
1828,4,4
1829,5,5
1830,0,0
1831,0,0
1832,5,5
1833,3,3
1834,0,0
1835,2,3
1836,0,0
1837,6,6
1838,4,4
1839,3,3
1840,3,3
1841,6,6
1842,5,5
1843,4,4
1844,3,3
1845,2,3
1846,5,5
1847,2,2
1848,5,5
1849,6,6
1850,1,1
1851,3,3
1852,3,3
1853,6,6
1854,4,3
1855,5,5
1856,5,6
1857,1,1
1858,6,6
1859,5,5
1860,5,5
1861,5,5
1862,2,2
1863,5,5
1864,4,4
1865,6,6
1866,1,1
1867,0,0
1868,2,3
1869,2,2
1870,1,1
1871,5,5
1872,6,6
1873,6,6
1874,0,0
1875,5,5
1876,1,1
1877,6,6
1878,1,1
1879,6,6
1880,5,5
1881,6,6
1882,4,3
1883,6,6
1884,4,5
1885,2,2
1886,2,2
1887,0,0
1888,3,3
1889,5,5
1890,2,3
1891,2,3
1892,6,6
1893,3,3
1894,5,5
1895,3,3
1896,5,5
1897,5,5
1898,6,6
1899,6,6
1900,4,5
1901,4,3
1902,5,5
1903,5,5
1904,2,2
1905,6,6
1906,3,3
1907,0,0
1908,2,3
1909,5,5
1910,5,5
1911,5,5
1912,5,5
1913,0,0
1914,2,3
1915,5,5
1916,2,3
1917,0,0
1918,2,3
1919,2,3
1920,5,5
1921,0,0
1922,2,3
1923,4,3
1924,6,6
1925,5,5
1926,6,6
1927,3,3
1928,0,0
1929,6,6
1930,2,2
1931,6,6
1932,2,2
1933,1,1
1934,6,6
1935,3,3
1936,1,1
1937,5,5
1938,3,3
1939,5,5
1940,5,5
1941,0,6
1942,3,3
1943,5,5
1944,3,3
1945,2,2
1946,0,0
1947,4,3
1948,1,1
1949,2,2
1950,5,5
1951,5,5
1952,3,3
1953,0,0
1954,2,3
1955,5,6
1956,6,6
1957,6,6
1958,6,6
1959,0,0
1960,6,6
1961,6,6
1962,5,5
1963,6,6
1964,5,5
1965,0,0
1966,2,3
1967,2,3
1968,4,4
1969,2,2
1970,3,3
1971,3,3
1972,4,4
1973,1,1
1974,0,0
1975,6,6
1976,5,5
1977,2,3
1978,2,3
1979,4,4
1980,1,1
1981,1,1
1982,2,2
1983,0,0
1984,2,3
1985,5,5
1986,0,0
1987,2,2
1988,4,5
1989,0,0
1990,3,3
1991,6,6
1992,3,3
1993,2,2
1994,2,2
1995,6,6
1996,3,3
1997,6,6
1998,0,0
1999,5,5
2000,0,0
2001,6,6
2002,4,4
2003,5,5
2004,0,0
2005,0,0
2006,3,3
2007,5,5
2008,1,1
2009,0,0
2010,6,6
2011,0,0
2012,3,3
2013,5,5
2014,4,3
2015,3,3
2016,4,3
2017,4,3
2018,0,0
2019,6,6
2020,6,6
2021,6,6
2022,4,3
2023,0,0
2024,3,3
2025,5,5
2026,6,6
2027,4,3
2028,0,0
2029,5,5
2030,3,3
2031,6,6
2032,6,6
2033,2,2
2034,6,6
2035,6,6
2036,6,6
2037,0,0
2038,2,2
2039,4,4
2040,1,1
2041,1,1
2042,3,3
2043,0,0
2044,6,6
2045,4,4
2046,6,6
2047,3,3
2048,3,3
2049,0,0
2050,1,1
2051,3,3
2052,3,3
2053,6,6
2054,3,3
2055,4,3
2056,1,1
2057,6,6
2058,5,5
2059,4,4
2060,3,3
2061,6,6
2062,2,3
2063,0,0
2064,4,4
2065,5,5
2066,6,6
2067,0,0
2068,2,2
2069,0,0
2070,6,6
2071,6,6
2072,3,3
2073,3,3
2074,6,6
2075,2,3
2076,0,6
2077,2,2
2078,4,5
2079,0,0
2080,0,0
2081,2,2
2082,0,0
2083,3,3
2084,3,3
2085,4,4
2086,0,0
2087,0,0
2088,2,3
2089,3,3
2090,6,5
2091,1,1
2092,3,3
2093,4,5
2094,3,3
2095,6,6
2096,6,6
2097,2,2
2098,1,1
2099,0,0
2100,5,5
2101,3,3
2102,5,5
2103,5,5
2104,6,6
2105,3,3
2106,3,3
2107,5,5
2108,3,3
2109,3,3
2110,6,6
2111,2,3
2112,3,3
2113,6,6
2114,3,3
2115,0,0
2116,3,3
2117,0,0
2118,4,4
2119,3,3
2120,4,4
2121,0,0
2122,2,3
2123,0,0
2124,2,3
2125,4,4
2126,2,2
2127,0,0
2128,0,0
2129,6,6
2130,0,0
2131,3,3
2132,5,5
2133,0,0
2134,5,5
2135,6,6
2136,0,0
2137,6,6
2138,5,5
2139,2,2
2140,5,6
2141,1,1
2142,6,6
2143,1,1
2144,0,0
2145,2,2
2146,4,4
2147,4,4
2148,4,4
2149,2,2
2150,4,4
2151,3,3
2152,5,5
2153,1,1
2154,4,3
2155,2,2
2156,0,0
2157,3,3
2158,5,5
2159,4,3
2160,6,6
2161,3,3
2162,0,0
2163,6,6
2164,1,1
2165,2,2
2166,3,3
2167,3,3
2168,6,6
2169,6,6
2170,3,3
2171,5,6
2172,0,0
2173,4,3
2174,4,4
2175,6,6
2176,3,3
2177,6,6
2178,5,5
2179,3,3
2180,6,6
2181,0,0
2182,4,3
2183,4,4
2184,4,4
2185,0,0
2186,0,0
2187,5,5
2188,0,0
2189,6,6
2190,4,4
2191,0,0
2192,3,3
2193,3,3
2194,0,0
2195,3,3
2196,0,0
2197,4,4
2198,6,6
2199,6,6
2200,4,4
2201,1,2
2202,4,3
2203,3,3
2204,3,3
2205,4,4
2206,3,3
2207,5,5
2208,4,5
2209,3,3
2210,5,5
2211,6,6
2212,4,4
2213,3,3
2214,3,3
2215,3,3
2216,0,0
2217,0,0
2218,5,5
2219,6,6
2220,3,3
2221,4,4
2222,5,5
2223,3,3
2224,0,0
2225,6,6
2226,3,3
2227,3,3
2228,3,3
2229,1,1
2230,0,0
2231,3,3
2232,4,3
2233,5,5
2234,5,5
2235,5,5
2236,5,5
2237,6,6
2238,0,0
2239,6,6
2240,6,6
2241,6,6
2242,5,5
2243,6,6
2244,2,2
2245,5,5
2246,6,6
2247,1,1
2248,0,0
2249,0,0
2250,2,2
2251,4,4
2252,5,5
2253,2,3
2254,5,5
2255,5,5
2256,0,0
2257,4,4
2258,4,3
2259,4,4
2260,3,3
2261,3,3
2262,4,4
2263,0,0
2264,0,0
2265,3,3
2266,2,2
2267,3,3
2268,2,3
2269,5,5
2270,2,3
2271,6,6
2272,2,2
2273,0,0
2274,2,2
2275,0,0
2276,0,0
2277,4,4
2278,6,6
2279,6,6
2280,3,3
2281,5,5
2282,5,5
2283,3,3
2284,2,2
2285,1,1
2286,5,5
2287,2,2
2288,4,4
2289,2,2
2290,1,2
2291,3,3
2292,1,1
2293,5,5
2294,0,0
2295,0,0
2296,4,4
2297,6,6
2298,5,5
2299,5,5
2300,3,3
2301,3,3
2302,4,5
2303,4,4
2304,5,5
2305,0,0
2306,6,6
2307,6,6
2308,6,6
2309,6,6
2310,6,6
2311,3,3
2312,3,3
2313,5,5
2314,4,4
2315,1,1
2316,1,1
2317,5,5
2318,0,0
2319,5,5
2320,0,0
2321,2,2
2322,5,5
2323,1,1
2324,6,6
2325,5,5
2326,6,6
2327,4,4
2328,6,6
2329,2,3
2330,5,5
2331,6,6
2332,6,6
2333,1,1
2334,1,1
2335,4,4
2336,5,5
2337,3,3
2338,0,0
2339,5,5
2340,0,0
2341,4,4
2342,4,3
2343,5,5
2344,5,5
2345,2,2
2346,1,1
2347,6,6
2348,1,1
2349,6,6
2350,0,0
2351,5,5
2352,4,3
2353,3,3
2354,0,0
2355,6,6
2356,6,6
2357,6,6
2358,6,6
2359,2,2
2360,6,6
2361,0,0
2362,0,0
2363,5,5
2364,0,0
2365,6,6
2366,0,0
2367,0,0
2368,6,6
2369,5,5
2370,5,5
2371,5,5
2372,6,6
2373,0,0
2374,6,6
2375,2,2
2376,5,5
2377,0,0
2378,4,3
2379,5,5
2380,0,0
2381,6,6
2382,4,5
2383,6,6
2384,6,6
2385,1,1
2386,1,1
2387,2,2
2388,6,6
2389,4,4
2390,0,0
2391,6,6
2392,1,1
2393,6,6
2394,3,3
2395,2,3
2396,2,2
2397,6,6
2398,2,2
2399,3,3
2400,4,4
2401,0,0
2402,2,3
2403,3,3
2404,3,3
2405,0,0
2406,2,3
2407,6,6
2408,5,5
2409,3,3
2410,6,6
2411,6,6
2412,6,6
2413,2,2
2414,6,6
2415,3,3
2416,1,1
2417,6,6
2418,1,1
2419,1,1
2420,4,3
2421,5,5
2422,2,2
2423,0,6
2424,6,6
2425,3,3
2426,0,0
2427,5,5
2428,6,6
2429,1,1
2430,1,1
2431,0,0
2432,3,3
2433,5,5
2434,1,2
2435,2,2
2436,0,6
2437,3,3
2438,4,3
2439,0,6
2440,1,1
2441,5,5
2442,6,6
2443,2,3
2444,0,6
2445,5,5
2446,5,5
2447,4,3
2448,2,3
2449,3,3
2450,1,1
2451,4,4
2452,0,0
2453,5,5
2454,3,3
2455,5,5
2456,2,3
2457,3,3
2458,2,3
2459,0,6
2460,2,2
2461,5,5
2462,3,3
2463,5,5
2464,4,5
2465,3,3
2466,0,0
2467,6,6
2468,5,5
2469,1,1
2470,5,5
2471,6,6
2472,1,1
2473,6,6
2474,5,5
2475,5,5
2476,3,3
2477,2,3
2478,2,2
2479,5,5
2480,2,3
2481,3,3
2482,2,3
2483,6,6
2484,2,3
2485,0,0
2486,6,6
2487,2,2
2488,6,6
2489,2,3
2490,0,0
2491,5,5
2492,4,4
2493,5,5
2494,5,5
2495,0,0
2496,1,1
2497,5,5
2498,2,3
2499,1,1
2500,3,3
2501,3,3
2502,3,3
2503,1,1
2504,0,0
2505,1,1
2506,1,1
2507,6,6
2508,0,0
2509,1,1
2510,5,5
2511,3,3
2512,0,0
2513,2,2
2514,0,0
2515,2,2
2516,3,3
2517,6,6
2518,1,1
2519,3,3
2520,2,2
2521,4,3
2522,5,5
2523,3,3
2524,4,3
2525,1,1
2526,6,6
2527,3,3
2528,5,5
2529,6,6
2530,4,4
2531,2,6
2532,3,3
2533,6,6
2534,5,5
2535,4,4
2536,5,5
2537,2,3
2538,4,4
2539,0,0
2540,3,3
2541,1,1
2542,0,0
2543,0,0
2544,6,6
2545,5,5
2546,4,4
2547,6,6
2548,6,6
2549,3,3
2550,2,3
2551,3,3
2552,5,5
2553,5,5
2554,3,3
2555,6,6
2556,4,4
2557,6,6
2558,0,0
2559,2,2
2560,5,5
2561,2,2
2562,0,0
2563,0,0
2564,3,3
2565,2,2
2566,3,3
2567,4,5
2568,2,2
2569,3,3
2570,3,3
2571,3,3
2572,6,6
2573,5,5
2574,5,5
2575,2,2
2576,5,5
2577,0,0
2578,0,0
2579,5,5
2580,6,6
2581,3,3
2582,6,6
2583,0,0
2584,4,3
2585,6,6
2586,4,4
2587,3,3
2588,0,0
2589,4,3
2590,6,6
2591,4,4
2592,6,6
2593,5,5
2594,0,0
2595,1,1
2596,3,3
2597,0,0
2598,4,3
2599,1,1
2600,1,1
2601,1,1
2602,5,5
2603,5,5
2604,6,6
2605,2,2
2606,4,3
2607,6,6
2608,6,6
2609,3,3
2610,0,0
2611,0,0
2612,0,0
2613,0,0
2614,2,2
2615,5,5
2616,1,1
2617,6,6
2618,5,5
2619,0,0
2620,3,3
2621,5,5
2622,3,3
2623,6,6
2624,5,5
2625,5,5
2626,1,1
2627,0,0
2628,2,2
2629,5,5
2630,5,5
2631,1,1
2632,6,6
2633,5,5
2634,5,5
2635,3,3
2636,5,5
2637,2,2
2638,4,3
2639,6,6
2640,6,6
2641,1,1
2642,0,6
2643,3,3
2644,5,5
2645,2,3
2646,0,0
2647,3,3
2648,6,6
2649,2,2
2650,2,3
2651,3,3
2652,2,3
2653,5,5
2654,6,6
2655,3,3
2656,1,1
2657,4,4
2658,0,0
2659,6,6
2660,3,3
2661,3,3
2662,3,3
2663,4,4
2664,1,1
2665,4,3
2666,6,6
2667,5,5
2668,5,5
2669,2,2
2670,3,3
2671,5,5
2672,6,6
2673,6,6
2674,3,3
2675,6,6
2676,2,3
2677,5,6
2678,5,5
2679,6,6
2680,6,6
2681,1,1
2682,5,5
2683,2,2
2684,6,6
2685,4,3
2686,6,6
2687,0,0
2688,0,0
2689,2,3
2690,6,6
2691,5,5
2692,3,3
2693,2,2
2694,4,3
2695,2,2
2696,0,0
2697,4,3
2698,4,3
2699,0,0
2700,6,6
2701,0,0
2702,2,3
2703,3,3
2704,2,3
2705,4,4
2706,4,4
2707,3,3
2708,0,0
2709,3,3
2710,0,0
2711,1,1
2712,5,5
2713,0,0
2714,3,3
2715,5,5
2716,0,0
2717,5,5
2718,4,3
2719,3,3
2720,5,5
2721,2,2
2722,0,0
2723,0,0
2724,4,3
2725,3,3
2726,5,5
2727,0,0
2728,0,0
2729,5,5
2730,4,3
2731,4,4
2732,3,3
2733,3,3
2734,1,1
2735,3,3
2736,3,3
2737,2,2
2738,6,6
2739,1,1
2740,5,5
2741,4,4
2742,6,6
2743,6,6
2744,6,6
2745,6,6
2746,5,5
2747,0,0
2748,3,3
2749,0,0
2750,4,3
2751,6,6
2752,6,6
2753,6,6
2754,6,6
2755,6,6
2756,4,4
2757,0,6
2758,0,0
2759,4,4
2760,0,0
2761,6,6
2762,6,6
2763,6,6
2764,6,6
2765,5,5
2766,6,6
2767,6,6
2768,0,0
2769,6,6
2770,3,3
2771,2,2
2772,0,0
2773,5,5
2774,3,3
2775,0,0
2776,4,3
2777,6,6
2778,0,0
2779,0,0
2780,5,5
2781,5,5
2782,2,2
2783,0,0
2784,0,0
2785,0,0
2786,3,3
2787,5,5
2788,2,2
2789,5,5
2790,4,3
2791,6,6
2792,3,3
2793,5,5
2794,5,5
2795,3,3
2796,3,3
2797,5,5
2798,5,5
2799,3,3
2800,6,6
2801,3,3
2802,3,3
2803,6,6
2804,0,6
2805,3,3
2806,3,3
2807,0,0
2808,4,5
2809,3,3
2810,3,3
2811,1,1
2812,5,5
2813,5,5
2814,3,3
2815,5,5
2816,6,6
2817,6,6
2818,0,0
2819,0,0
2820,6,6
2821,5,5
2822,3,3
2823,5,5
2824,0,0
2825,0,0
2826,3,3
2827,4,3
2828,5,5
2829,4,4
2830,4,3
2831,5,5
2832,5,5
2833,5,5
2834,6,6
2835,6,6
2836,0,0
2837,3,3
2838,0,0
2839,6,6
2840,6,6
2841,1,1
2842,4,3
2843,6,6
2844,0,0
2845,3,3
2846,2,2
2847,6,6
2848,2,3
2849,3,3
2850,3,3
2851,3,3
2852,4,4
2853,4,4
2854,6,6
2855,5,3
2856,2,2
2857,6,6
2858,3,3
2859,0,0
2860,3,3
2861,5,5
2862,0,0
2863,0,0
2864,0,0
2865,4,3
2866,2,3
2867,3,3
2868,2,2
2869,3,3
2870,3,3
2871,3,3
2872,0,0
2873,5,5
2874,4,4
2875,0,0
2876,6,6
2877,6,6
2878,3,3
2879,4,5
2880,5,5
2881,4,4
2882,6,6
2883,4,4
2884,0,0
2885,0,0
2886,4,4
2887,3,3
2888,2,2
2889,4,3
2890,1,1
2891,5,5
2892,1,1
2893,5,5
2894,5,5
2895,6,6
2896,6,6
2897,6,6
2898,3,3
2899,0,0
2900,0,0
2901,4,3
2902,5,5
2903,0,0
2904,0,0
2905,4,4
2906,0,0
2907,6,6
2908,6,6
2909,4,5
2910,2,2
2911,0,0
2912,6,6
2913,4,4
2914,4,4
2915,2,2
2916,5,5
2917,5,5
2918,6,6
2919,5,6
2920,0,0
2921,2,2
2922,0,0
2923,6,6
2924,5,5
2925,6,6
2926,0,0
2927,5,5
2928,4,4
2929,3,3
2930,3,3
2931,2,2
2932,3,3
2933,6,6
2934,3,3
2935,1,1
2936,0,0
2937,0,0
2938,5,5
2939,6,6
2940,4,3
2941,6,6
2942,4,4
2943,0,0
2944,6,6
2945,0,0
2946,4,5
2947,6,6
2948,3,3
2949,1,1
2950,1,1
2951,3,3
2952,3,3
2953,6,6
2954,6,6
2955,0,0
2956,3,3
2957,3,3
2958,3,3
2959,6,6
2960,5,5
2961,4,5
2962,0,0
2963,0,0
2964,2,3
2965,3,3
2966,6,6
2967,2,3
2968,3,3
2969,0,0
2970,4,4
2971,4,3
2972,2,3
2973,4,3
2974,6,6
2975,4,5
2976,6,6
2977,5,5
2978,6,6
2979,6,6
2980,5,5
2981,6,6
2982,2,2
2983,6,6
2984,6,6
2985,0,0
2986,1,1
2987,3,3
2988,2,2
2989,5,5
2990,2,2
2991,2,2
2992,3,3
2993,6,6
2994,5,5
2995,6,6
2996,5,5
2997,1,1
2998,5,5
2999,5,5
3000,2,2
3001,0,0
3002,5,5
3003,4,4
3004,4,5
3005,2,2
3006,2,2
3007,0,0
3008,1,1
3009,4,5
3010,5,5
3011,5,5
3012,5,5
3013,5,5
3014,5,5
3015,3,3
3016,5,5
3017,6,6
3018,2,2
3019,3,3
3020,2,3
3021,3,3
3022,6,6
3023,3,3
3024,3,3
3025,5,5
3026,6,6
3027,0,0
3028,5,5
3029,6,6
3030,6,6
3031,6,6
3032,4,4
3033,4,4
3034,3,3
3035,2,3
3036,5,6
3037,2,2
3038,4,3
3039,4,3
3040,6,5
3041,4,3
3042,6,6
3043,5,5
3044,4,3
3045,0,0
3046,0,0
3047,6,6
3048,0,0
3049,2,2
3050,5,6
3051,5,5
3052,2,2
3053,2,3
3054,1,1
3055,1,1
3056,0,0
3057,4,3
3058,5,5
3059,1,1
3060,3,3
3061,5,5
3062,4,4
3063,6,5
3064,6,6
3065,3,3
3066,5,6
3067,3,3
3068,4,5
3069,3,3
3070,5,5
3071,5,5
3072,5,6
3073,6,6
3074,0,0
3075,3,3
3076,6,6
3077,2,3
3078,3,3
3079,3,3
3080,5,5
3081,5,5
3082,1,1
3083,5,5
3084,2,3
3085,0,0
3086,3,3
3087,2,2
3088,2,3
3089,5,5
3090,2,3
3091,3,3
3092,5,5
3093,3,3
3094,0,0
3095,3,3
3096,4,4
3097,5,5
3098,5,5
3099,1,2
3100,6,6
3101,3,3
3102,6,6
3103,3,3
3104,0,0
3105,1,1
3106,0,0
3107,3,3
3108,0,0
3109,2,3
3110,3,3
3111,6,6
3112,6,6
3113,4,5
3114,6,6
3115,3,3
3116,4,3
3117,6,6
3118,3,3
3119,5,5
3120,3,3
3121,2,3
3122,5,5
3123,5,5
3124,5,5
3125,3,3
3126,5,5
3127,3,3
3128,2,3
3129,2,3
3130,2,2
3131,4,5
3132,2,2
3133,0,0
3134,4,3
3135,4,4
3136,5,5
3137,4,4
3138,1,1
3139,2,2
3140,5,5
3141,3,3
3142,5,5
3143,2,2
3144,4,3
3145,6,6
3146,2,3
3147,1,1
3148,5,5
3149,1,1
3150,0,0
3151,3,3
3152,4,4
3153,4,4
3154,4,4
3155,3,3
3156,4,3
3157,1,1
3158,4,3
3159,6,6
3160,6,6
3161,3,3
3162,6,6
3163,6,6
3164,5,5
3165,4,3
3166,2,2
3167,3,3
3168,1,1
3169,3,3
3170,5,5
3171,0,0
3172,4,4
3173,6,6
3174,3,3
3175,3,3
3176,0,0
3177,4,3
3178,6,6
3179,6,6
3180,2,3
3181,1,1
3182,6,6
3183,6,6
3184,4,4
3185,6,6
3186,0,0
3187,4,4
3188,5,5
3189,3,3
3190,3,3
3191,1,1
3192,6,6
3193,6,6
3194,4,4
3195,6,6
3196,0,0
3197,1,1
3198,6,6
3199,0,0
3200,5,5
3201,2,3
3202,0,0
3203,3,3
3204,6,6
3205,3,3
3206,5,5
3207,3,3
3208,5,5
3209,2,2
3210,1,1
3211,3,3
3212,1,1
3213,6,6
3214,6,6
3215,5,5
3216,0,0
3217,6,6
3218,2,3
3219,4,3
3220,6,6
3221,4,3
3222,2,3
3223,3,3
3224,3,3
3225,2,2
3226,6,6
3227,6,6
3228,6,6
3229,5,5
3230,5,5
3231,0,0
3232,5,5
3233,5,5
3234,5,5
3235,0,0
3236,5,5
3237,6,6
3238,6,6
3239,5,5
3240,6,6
3241,2,2
3242,4,5
3243,6,6
3244,0,0
3245,6,6
3246,3,3
3247,2,2
3248,4,5
3249,5,5
3250,6,6
3251,0,0
3252,0,0
3253,0,0
3254,2,3
3255,6,6
3256,5,5
3257,5,5
3258,5,5
3259,3,3
3260,2,2
3261,2,2
3262,3,3
3263,0,0
3264,0,0
3265,1,1
3266,6,6
3267,4,4
3268,1,2
3269,4,4
3270,6,6
3271,5,5
3272,5,5
3273,4,4
3274,6,6
3275,0,0
3276,6,6
3277,1,1
3278,3,3
3279,6,6
3280,3,3
3281,5,5
3282,3,3
3283,3,3
3284,5,5
3285,0,0
3286,6,6
3287,0,0
3288,3,3
3289,5,5
3290,5,5
3291,4,5
3292,6,6
3293,3,3
3294,2,2
3295,6,6
3296,6,6
3297,0,0
3298,5,5
3299,6,6
3300,4,5
3301,0,0
3302,6,6
3303,1,1
3304,3,3
3305,4,5
3306,5,5
3307,4,4
3308,3,3
3309,3,3
3310,3,3
3311,2,2
3312,4,3
3313,2,2
3314,4,5
3315,5,5
3316,1,1
3317,6,6
3318,3,3
3319,5,5
3320,3,3
3321,3,3
3322,2,3
3323,5,5
3324,5,5
3325,3,3
3326,0,0
3327,6,6
3328,5,5
3329,3,3
3330,2,2
3331,1,1
3332,5,5
3333,0,0
3334,4,3
3335,6,6
3336,2,2
3337,1,1
3338,6,2
3339,5,5
3340,5,5
3341,5,5
3342,2,3
3343,4,4
3344,2,2
3345,2,3
3346,3,3
3347,3,3
3348,4,4
3349,5,5
3350,1,1
3351,0,0
3352,3,3
3353,5,5
3354,6,6
3355,2,2
3356,3,3
3357,5,5
3358,1,1
3359,5,5
3360,6,6
3361,2,2
3362,0,6
3363,4,4
3364,4,4
3365,5,5
3366,6,6
3367,6,6
3368,6,6
3369,6,6
3370,5,5
3371,3,3
3372,4,4
3373,0,0
3374,2,2
3375,1,1
3376,2,3
3377,3,3
3378,4,4
3379,3,3
3380,4,5
3381,2,3
3382,3,3
3383,6,6
3384,2,3
3385,4,3
3386,3,3
3387,5,5
3388,1,1
3389,0,0
3390,4,3
3391,4,5
3392,2,3
3393,6,6
3394,5,5
3395,4,4
3396,5,5
3397,2,2
3398,4,3
3399,4,3
3400,3,3
3401,5,5
3402,4,4
3403,3,3
3404,6,6
3405,1,1
3406,4,4
3407,1,1
3408,1,1
3409,5,5
3410,4,5
3411,5,6
3412,6,6
3413,6,6
3414,2,2
3415,6,6
3416,0,0
3417,4,3
3418,5,5
3419,5,5
3420,1,1
3421,3,3
3422,3,3
3423,4,4
3424,4,4
3425,0,0
3426,3,3
3427,5,5
3428,4,4
3429,2,2
3430,1,2
3431,5,5
3432,6,6
3433,5,6
3434,2,2
3435,4,5
3436,0,0
3437,3,3
3438,6,6
3439,5,5
3440,6,6
3441,4,5
3442,5,5
3443,1,1
3444,3,3
3445,6,6
3446,4,3
3447,1,1
3448,6,6
3449,4,4
3450,3,3
3451,5,5
3452,3,3
3453,6,6
3454,6,6
3455,6,6
3456,1,1
3457,5,5
3458,3,3
3459,5,5
3460,0,0
3461,1,1
3462,4,5
3463,4,3
3464,0,0
3465,0,0
3466,2,2
3467,3,3
3468,3,3
3469,2,3
3470,2,3
3471,6,6
3472,3,3
3473,6,6
3474,0,0
3475,1,1
3476,3,2
3477,5,5
3478,5,5
3479,5,5
3480,5,5
3481,1,1
3482,6,6
3483,5,5
3484,5,5
3485,6,6
3486,1,1
3487,0,0
3488,0,0
3489,2,2
3490,3,3
3491,2,2
3492,0,0
3493,3,3
3494,3,3
3495,6,6
3496,0,0
3497,6,6
3498,3,3
3499,4,5
3500,3,3
3501,5,5
3502,0,0
3503,3,3
3504,4,3
3505,0,0
3506,4,4
3507,6,6
3508,0,0
3509,5,5
3510,6,6
3511,4,5
3512,5,5
3513,3,3
3514,3,3
3515,4,4
3516,3,3
3517,2,3
3518,2,2
3519,0,0
3520,3,3
3521,0,0
3522,5,5
3523,4,4
3524,3,3
3525,2,3
3526,3,3
3527,4,3
3528,6,6
3529,0,0
3530,6,6
3531,6,6
3532,4,3
3533,3,3
3534,6,6
3535,4,5
3536,5,5
3537,0,0
3538,2,3
3539,4,3
3540,0,0
3541,3,3
3542,4,4
3543,0,0
3544,2,2
3545,2,2
3546,3,3
3547,5,5
3548,4,4
3549,0,0
3550,4,5
3551,6,6
3552,6,6
3553,5,5
3554,6,6
3555,2,2
3556,0,0
3557,5,5
3558,0,0
3559,5,5
3560,3,3
3561,0,0
3562,0,0
3563,2,2
3564,3,3
3565,0,0
3566,3,3
3567,1,1
3568,5,5
3569,4,5
3570,6,6
3571,3,3
3572,3,3
3573,0,0
3574,6,6
3575,3,3
3576,4,4
3577,1,2
3578,0,0
3579,3,3
3580,4,4
3581,2,3
3582,4,3
3583,4,4
3584,6,6
3585,6,6
3586,3,3
3587,5,5
3588,0,0
3589,0,0
3590,0,0
3591,5,5
3592,6,6
3593,3,3
3594,5,5
3595,4,4
3596,5,5
3597,5,5
3598,4,5
3599,0,0
3600,3,3
3601,6,6
3602,6,6
3603,4,4
3604,5,5
3605,5,5
3606,0,0
3607,0,0
3608,6,6
3609,0,0
3610,2,2
